{"_timestamp": 1596661571.5631258, "_step": 59810, "Hammer": 0, "Hacker winners": 156, "Agent Winners": 45, "Pass count": 2, "_runtime": 43346.173177957535}
