{"Agent Winners": 12, "_runtime": 43518.42869019508, "_step": 74340, "Hacker winners": 184, "_timestamp": 1596661572.6520617, "Hammer": 0, "Pass count": 0}
