{"_runtime": 656.3289585113525, "_timestamp": 1596600753.3794308, "_step": 5543, "Hammer": 1, "Winners": 158}
