{"_runtime": 9.1558678150177, "Hammer": 0, "_step": 1811, "_timestamp": 1596420247.3237817}
