{"_timestamp": 1596617815.5788138, "Hacker winners": 186, "Pass count": 1, "_step": 1000, "_runtime": 188.32832384109497, "Agent Winners": 30, "Hammer": 0}
