{"_timestamp": 1596617845.3203692, "Hacker winners": 188, "_step": 1000, "Agent Winners": 30, "Pass count": 4, "_runtime": 647.2931942939758, "Hammer": 1}
