{"_runtime": 16181.378027915955, "_timestamp": 1596438091.276895, "Hammer": 0, "_step": 132261, "Winners": 155}
