{"Hacker winners": 195, "Pass count": 2, "Hammer": 0, "_step": 18930, "_timestamp": 1596675630.604512, "Agent Winners": 4, "_runtime": 9479.739070415497}
