{"_step": 1000, "_runtime": 117.59254240989685, "Winners": 70, "_timestamp": 1596421579.2417464, "Hammer": 0}
