{"_timestamp": 1596601226.5319915, "_step": 1000, "_runtime": 155.87543749809265, "Winners": 79, "Hammer": 0}
