{"_timestamp": 1596603408.2901917, "_runtime": 208.7798969745636, "Winners": 261, "Hammer": 0, "Pass count": 0, "_step": 1000}
