{"Pass count": 5, "Hacker winners": 92, "_timestamp": 1596664297.6115127, "Hammer": 0, "_runtime": 4.032464981079102, "_step": 1, "Agent Winners": 6}
