{"_step": 1, "Hacker winners": 70, "Hammer": 0, "Pass count": 0, "_timestamp": 1596666127.266164, "_runtime": 3.808272123336792, "Agent Winners": 9}
