{"Hammer": 0, "Pass count": 4, "Agent Winners": 21, "Hacker winners": 88, "_runtime": 4.036468267440796, "_step": 1, "_timestamp": 1596664886.7657497}
