{"Hammer": 0, "_runtime": 511.0206000804901, "Winners": 213, "Pass count": 0, "_timestamp": 1596606005.1846013, "_step": 5007}
