{"_step": 1535, "_runtime": 320.23166608810425, "Hammer": 0, "Winners": 255, "Pass count": 0, "_timestamp": 1596602612.3923109}
