{"_timestamp": 1596605472.535417, "Pass count": 0, "_step": 1050, "Winners": 216, "_runtime": 204.33357620239258, "Hammer": 0}
