{"_runtime": 22.620436906814575, "Winners": 108, "_timestamp": 1596420768.9850247, "_step": 185, "Hammer": 0}
