{"Hammer": false, "_step": 296, "Winners": 140, "_runtime": 40.35467600822449, "_timestamp": 1596420721.4551845}
