{"Winners": 221, "Hammer": 0, "_runtime": 322.7643389701843, "Pass count": 0, "_timestamp": 1596606402.0335987, "_step": 3019}
