{"_step": 217, "_runtime": 27.239405632019043, "_timestamp": 1596420812.042522, "Winners": 140, "Hammer": 217}
