{"Hammer": 0, "_step": 147, "_runtime": 25.396822690963745, "_timestamp": 1596602125.3593194, "Winners": 69}
