{"_timestamp": 1596420597.1523752, "Hammer": false, "Winners": 157, "_step": 3, "_runtime": 2.6187500953674316}
