{"Winners": 273, "_step": 273, "_timestamp": 1596420858.2222028, "_runtime": 33.43573021888733, "Hammer": 149}
