{"_timestamp": 1596602259.6427033, "_runtime": 42.00759530067444, "Pass count": 4, "Winners": 147, "Hammer": 0, "_step": 268}
