{"_timestamp": 1596420628.066939, "_step": 7, "_runtime": 2.967550039291382, "Winners": 143, "Hammer": true}
