{"Hammer": 0, "Winners": 206, "Pass count": 0, "_runtime": 241.22727704048157, "_step": 2153, "_timestamp": 1596605058.5021539}
