{"Pass count": 5, "Agent Winners": 12, "Hacker winners": 76, "_timestamp": 1596664733.6516855, "_runtime": 4.064493179321289, "Hammer": 0, "_step": 1}
