{"Winners": 227, "_timestamp": 1596605185.071911, "Hammer": 0, "_step": 10, "_runtime": 4.439815044403076, "Pass count": 0}
