{"Pass count": 1, "Hammer": 0, "Hacker winners": 195, "_step": 451, "_runtime": 681.9174435138702, "Agent Winners": 6, "_timestamp": 1596665927.4985113}
