{"_step": 22, "Pass count": 0, "Hammer": 0, "_runtime": 7.2492289543151855, "Winners": 257, "_timestamp": 1596604318.6289103}
