{"_runtime": 85.8617753982544, "Winners": 200, "_timestamp": 1596419252.7702003, "_step": 643}
