{"_runtime": 129.52779817581177, "_step": 1000, "Winners": 147, "_timestamp": 1596420386.398283}
