{"_step": 17826, "_runtime": 70.92594361305237, "_timestamp": 1596419809.5481179, "Hammer": 0, "Winners": 176}
