{"_step": 52439, "_timestamp": 1596419724.8818672, "_runtime": 288.9177551269531, "Hammer": false, "Winners": 181}
