{"_step": 1000, "_timestamp": 1596421061.1505713, "_runtime": 122.42669677734375, "Hammer": 0, "Winners": 128}
