{"_runtime": 48.5041778087616, "Winners": 0, "_timestamp": 1596420923.276101, "Hammer": 190, "_step": 343}
