{"_timestamp": 1596604146.2257705, "_step": 2000, "Hammer": 0, "_runtime": 414.8684582710266, "Winners": 254, "Pass count": 0}
