{"_step": 100, "Hammer": 0, "_timestamp": 1596605242.9456391, "Winners": 220, "Pass count": 0, "_runtime": 31.175788164138794}
