{"_step": 1000, "_timestamp": 1596421793.9692535, "_runtime": 130.51564717292786, "Winners": 147, "Hammer": 1}
