{"_runtime": 57.03000354766846, "_timestamp": 1596420185.4706335, "_step": 513814, "Hammer": 0, "Winners": 176}
