{"Pass count": 3, "_runtime": 953.1144740581512, "Hacker winners": 195, "Hammer": 0, "_step": 628, "Agent Winners": 4, "_timestamp": 1596665926.7433627}
