{"Hammer": 0, "Hacker winners": 182, "_timestamp": 1596617143.0724552, "_runtime": 75.46784710884094, "Agent Winners": 20, "_step": 100, "Pass count": 2}
