{"_timestamp": 1596419986.8009243, "_runtime": 93.02743482589722, "Hammer": 0, "_step": 23309, "Winners": 141}
